{"IcoMoonType":"selection","icons":[{"icon":{"paths":["M877.714 128v640c0 80.571-120.571 109.714-182.857 109.714s-182.857-29.143-182.857-109.714 120.571-109.714 182.857-109.714c37.714 0 75.429 6.857 109.714 22.286v-306.857l-438.857 135.429v405.143c0 80.571-120.571 109.714-182.857 109.714s-182.857-29.143-182.857-109.714 120.571-109.714 182.857-109.714c37.714 0 75.429 6.857 109.714 22.286v-552.571c0-24 16-45.143 38.857-52.571l475.429-146.286c5.143-1.714 10.286-2.286 16-2.286 30.286 0 54.857 24.571 54.857 54.857z"],"width":877.7142857142857,"attrs":[],"isMulticolor":false,"isMulticolor2":false,"tags":["music"],"defaultCode":61441,"grid":14},"attrs":[],"properties":{"name":"music1","id":5,"order":17,"prevSize":28,"code":61441},"setIdx":0,"setId":4,"iconIdx":5},{"icon":{"paths":["M475.429 621.714v-73.143c0-10.286-8-18.286-18.286-18.286h-109.714v-109.714c0-10.286-8-18.286-18.286-18.286h-73.143c-10.286 0-18.286 8-18.286 18.286v109.714h-109.714c-10.286 0-18.286 8-18.286 18.286v73.143c0 10.286 8 18.286 18.286 18.286h109.714v109.714c0 10.286 8 18.286 18.286 18.286h73.143c10.286 0 18.286-8 18.286-18.286v-109.714h109.714c10.286 0 18.286-8 18.286-18.286zM804.571 658.286c0-40.571-32.571-73.143-73.143-73.143s-73.143 32.571-73.143 73.143 32.571 73.143 73.143 73.143 73.143-32.571 73.143-73.143zM950.857 512c0-40.571-32.571-73.143-73.143-73.143s-73.143 32.571-73.143 73.143 32.571 73.143 73.143 73.143 73.143-32.571 73.143-73.143zM1097.143 585.143c0 161.714-130.857 292.571-292.571 292.571-74.286 0-141.714-28-193.143-73.143h-125.714c-51.429 45.143-118.857 73.143-193.143 73.143-161.714 0-292.571-130.857-292.571-292.571s130.857-292.571 292.571-292.571h512c161.714 0 292.571 130.857 292.571 292.571z"],"width":1097.142857142857,"attrs":[],"isMulticolor":false,"isMulticolor2":false,"tags":["gamepad"],"defaultCode":61723,"grid":14},"attrs":[],"properties":{"name":"gamepad","id":253,"order":20,"prevSize":28,"code":61723},"setIdx":0,"setId":4,"iconIdx":253},{"icon":{"paths":["M334.286 561.714l-266.286 266.286c-7.429 7.429-18.857 7.429-26.286 0l-28.571-28.571c-7.429-7.429-7.429-18.857 0-26.286l224.571-224.571-224.571-224.571c-7.429-7.429-7.429-18.857 0-26.286l28.571-28.571c7.429-7.429 18.857-7.429 26.286 0l266.286 266.286c7.429 7.429 7.429 18.857 0 26.286zM950.857 822.857v36.571c0 10.286-8 18.286-18.286 18.286h-548.571c-10.286 0-18.286-8-18.286-18.286v-36.571c0-10.286 8-18.286 18.286-18.286h548.571c10.286 0 18.286 8 18.286 18.286z"],"width":956.5622857142856,"attrs":[],"isMulticolor":false,"isMulticolor2":false,"tags":["terminal"],"defaultCode":61728,"grid":14},"attrs":[],"properties":{"name":"terminal1","id":257,"order":19,"prevSize":28,"code":61728},"setIdx":0,"setId":4,"iconIdx":257},{"icon":{"paths":["M838.857 217.143c21.143 21.143 38.857 63.429 38.857 93.714v658.286c0 30.286-24.571 54.857-54.857 54.857h-768c-30.286 0-54.857-24.571-54.857-54.857v-914.286c0-30.286 24.571-54.857 54.857-54.857h512c30.286 0 72.571 17.714 93.714 38.857zM585.143 77.714v214.857h214.857c-3.429-9.714-8.571-19.429-12.571-23.429l-178.857-178.857c-4-4-13.714-9.143-23.429-12.571zM804.571 950.857v-585.143h-237.714c-30.286 0-54.857-24.571-54.857-54.857v-237.714h-438.857v877.714h731.429zM274.286 438.857c6.286-8 17.714-9.714 25.714-3.429l29.143 21.714c8 6.286 9.714 17.714 3.429 25.714l-104 138.857 104 138.857c6.286 8 4.571 19.429-3.429 25.714l-29.143 21.714c-8 6.286-19.429 4.571-25.714-3.429l-129.143-172c-4.571-6.286-4.571-15.429 0-21.714zM732.571 610.857c4.571 6.286 4.571 15.429 0 21.714l-129.143 172c-6.286 8-17.714 9.714-25.714 3.429l-29.143-21.714c-8-6.286-9.714-17.714-3.429-25.714l104-138.857-104-138.857c-6.286-8-4.571-19.429 3.429-25.714l29.143-21.714c8-6.286 19.429-4.571 25.714 3.429zM378.286 874.286c-10.286-1.714-16.571-11.429-14.857-21.143l78.857-474.857c1.714-10.286 11.429-16.571 21.143-14.857l36 5.714c10.286 1.714 16.571 11.429 14.857 21.143l-78.857 474.857c-1.714 10.286-11.429 16.571-21.143 14.857z"],"width":877.7142857142857,"attrs":[],"isMulticolor":false,"isMulticolor2":false,"tags":["file-code-o"],"defaultCode":61897,"grid":14},"attrs":[],"properties":{"name":"file-code-o","id":415,"order":18,"prevSize":28,"code":61897},"setIdx":0,"setId":4,"iconIdx":415},{"icon":{"paths":["M922.857 0c52 0 100 38.857 100 93.143 0 30.286-12 59.429-25.714 86.286-44.571 84.571-194.286 364-265.714 429.714-34.857 32.571-76 52-124.571 52-96.571 0-175.429-82.286-175.429-178.286 0-45.714 18.857-90.286 52.571-121.143l364.571-330.857c20-18.286 46.286-30.857 74.286-30.857zM403.429 590.857c29.714 57.714 84 101.143 146.857 117.714l0.571 40.571c3.429 162.857-109.714 274.857-273.143 274.857-193.714 0-277.714-154.286-277.714-329.714 21.143 14.286 94.857 73.143 118.857 73.143 14.286 0 26.286-8 31.429-21.143 48.571-126.857 124.571-149.714 253.143-155.429z"],"width":1022.8297142857142,"attrs":[],"isMulticolor":false,"isMulticolor2":false,"tags":["paint-brush"],"defaultCode":61948,"grid":14},"attrs":[],"properties":{"name":"paint-brush","id":463,"order":16,"prevSize":28,"code":61948},"setIdx":0,"setId":4,"iconIdx":463},{"icon":{"paths":["M475.429 621.714v-73.143c0-10.286-8-18.286-18.286-18.286h-109.714v-109.714c0-10.286-8-18.286-18.286-18.286h-73.143c-10.286 0-18.286 8-18.286 18.286v109.714h-109.714c-10.286 0-18.286 8-18.286 18.286v73.143c0 10.286 8 18.286 18.286 18.286h109.714v109.714c0 10.286 8 18.286 18.286 18.286h73.143c10.286 0 18.286-8 18.286-18.286v-109.714h109.714c10.286 0 18.286-8 18.286-18.286zM804.571 658.286c0-40.571-32.571-73.143-73.143-73.143s-73.143 32.571-73.143 73.143 32.571 73.143 73.143 73.143 73.143-32.571 73.143-73.143zM950.857 512c0-40.571-32.571-73.143-73.143-73.143s-73.143 32.571-73.143 73.143 32.571 73.143 73.143 73.143 73.143-32.571 73.143-73.143zM1097.143 585.143c0 161.714-130.857 292.571-292.571 292.571-74.286 0-141.714-28-193.143-73.143h-125.714c-51.429 45.143-118.857 73.143-193.143 73.143-161.714 0-292.571-130.857-292.571-292.571s130.857-292.571 292.571-292.571h512c161.714 0 292.571 130.857 292.571 292.571z"],"attrs":[{}],"width":1097,"isMulticolor":false,"isMulticolor2":false,"tags":["gamepad"],"grid":14},"attrs":[{}],"properties":{"order":1,"id":0,"prevSize":28,"code":59648,"name":"gamepad1"},"setIdx":1,"setId":3,"iconIdx":0}],"height":1024,"metadata":{"name":"icomoon"},"preferences":{"showGlyphs":true,"showQuickUse":true,"showQuickUse2":true,"showSVGs":true,"fontPref":{"prefix":"icon-","metadata":{"fontFamily":"icomoon","majorVersion":1,"minorVersion":0},"metrics":{"emSize":1024,"baseline":6.25,"whitespace":50},"embed":false,"includeMetadata":false,"cssVars":true,"cssVarsFormat":"scss","showSelector":false,"selector":"i","showMetadata":false,"showVersion":false},"imagePref":{"prefix":"icon-","png":true,"useClassSelector":true,"color":0,"bgColor":16777215,"classSelector":".icon"},"historySize":50,"showCodes":true,"gridSize":16}}